id,title,release_date,genre,language,studio,budget,revenue,popularity,vote_average,vote_count,runtime_min,award,director_id
1000,The Mission,2003-04-08,Drama,Hindi,DreamWorks,281000000,208880608,42.77,3.7,922034,109,1,36
1001,Against Burning Path,2009-10-09,Action,Spanish,Miramax,218000000,570692133,16.39,9.5,1416779,93,1,25
1002,Above Forgotten Circuit,2020-01-24,Animation,Chinese,Universal,195000000,133208685,30.02,7.5,1521807,153,0,5
1003,Before Crimson Mirror,1997-04-28,Comedy,Italian,Sony Pictures,234000000,1124151183,37.12,5.8,883736,165,0,5
1004,After Gate,2018-04-06,Animation,Italian,Sony Pictures,329000000,1708299104,22.74,5.5,239620,109,1,21
1005,Rising Code,2024-10-23,Romance,French,DreamWorks,257000000,778112749,91.54,6.4,1115987,97,0,36
1006,Hollow Bridge,2008-10-13,Romance,French,Paramount,262000000,983028500,75.82,8.9,646062,160,0,28
1007,Dead Light,2014-08-17,Horror,Chinese,Columbia Pictures,7000000,35938680,12.34,9.1,1124145,178,0,8
1008,After Frozen Horizon,2018-12-09,Crime,Spanish,MGM,56000000,366342895,30.55,7.5,2559206,105,0,24
1009,Against Legacy,2024-09-01,Adventure,Japanese,Lionsgate,11000000,10206032,36.94,9.7,1294807,110,1,16
1010,Beyond Signal,2018-08-27,Comedy,Chinese,New Line Cinema,66000000,69306391,48.05,7.0,1116728,147,0,14
1011,Before Quest,2004-07-22,Romance,German,Blumhouse,266000000,915305320,25.54,3.9,93224,155,0,38
1012,Beyond Fierce War,1996-04-03,Action,Japanese,Universal,265000000,493227087,67.23,4.8,559956,172,0,16
1013,Into Code,1998-02-22,Sci-Fi,Japanese,A24,212000000,753868299,73.18,7.7,2715274,92,1,26
1014,Beyond Path,2001-04-18,Animation,Spanish,A24,95000000,205317236,25.73,9.3,1863625,183,1,4
1015,Against Truth,1995-02-25,Thriller,Spanish,A24,250000000,915513073,86.6,9.2,695538,128,1,25
1016,Through Silver Dream,2017-12-26,Crime,German,Paramount,99000000,227268152,96.9,7.1,2279131,87,0,4
1017,Through Neon Echo,2022-09-06,Action,Chinese,Universal,97000000,58884612,7.73,8.9,1698557,95,0,38
1018,Forgotten Signal,2008-11-19,Adventure,Chinese,Netflix,135000000,217554940,71.9,5.0,1665046,96,0,30
1019,Crimson Echo,1997-01-15,Adventure,Portuguese,Universal,39000000,159061289,51.08,4.3,1468849,192,1,16
1020,Silent Heart,2021-09-23,Horror,Portuguese,New Line Cinema,336000000,1348758138,67.12,7.0,2787453,93,0,17
1021,Beyond Hollow Gate,1999-05-10,Adventure,French,Miramax,177000000,284371759,63.79,5.2,2054051,112,1,6
1022,Under Shadow,1995-06-25,Drama,Korean,Paramount,228000000,953595206,43.34,3.6,320595,193,0,35
1023,Above Ancient Gate,1999-07-05,Action,Korean,Netflix,22000000,148544930,21.8,5.1,436147,125,0,40
1024,Before Veil,2000-03-14,Action,Spanish,Miramax,172000000,1013021532,41.76,7.7,1045888,114,0,7
1025,Dark Veil,2010-04-07,Animation,Japanese,Sony Pictures,118000000,206456841,66.34,6.0,1173545,190,1,18
1026,Neon Light,2016-09-11,Action,Hindi,Blumhouse,135000000,191889248,96.29,5.2,459673,156,0,23
1027,Above Dream,2014-09-04,Sci-Fi,Portuguese,Disney,132000000,56556766,44.17,6.8,2263431,167,0,24
1028,Brave Echo,2005-10-11,Comedy,Korean,MGM,160000000,805601198,33.29,7.9,2330374,96,0,27
1029,Into Hunt,2018-03-20,Adventure,Korean,A24,282000000,1768017683,31.08,4.8,2437632,157,0,30
1030,Brave Code,2011-08-26,Drama,Hindi,Sony Pictures,265000000,1328317372,62.31,4.1,990110,166,0,15
1031,After Horizon,1996-04-16,Adventure,Hindi,Lionsgate,214000000,1424686409,57.99,8.0,1615522,143,0,16
1032,The Red Legacy,2022-02-25,Sci-Fi,French,Paramount,267000000,944557661,56.18,9.3,514014,138,0,30
1033,Against Tower,2005-08-20,Crime,Italian,Columbia Pictures,282000000,958732525,16.76,8.9,1892729,113,0,18
1034,Against Soul,2015-04-09,Animation,Hindi,Miramax,148000000,271617366,34.25,9.1,342967,97,0,15
1035,Hidden Quest,2001-02-14,Sci-Fi,Japanese,MGM,240000000,762415039,21.48,6.1,2454806,169,1,37
1036,Lost Tide,2004-07-28,Sci-Fi,Chinese,Miramax,281000000,1691345874,89.88,6.6,1149773,135,0,2
1037,Brave Hunt,2020-07-24,Drama,German,Blumhouse,67000000,492941956,53.88,9.2,2487578,152,1,6
1038,After Veil,2009-03-02,Horror,Italian,Netflix,110000000,381125250,34.41,9.0,1172092,176,0,17
1039,Through Horizon,2018-09-02,Romance,French,DreamWorks,37000000,217601608,65.52,8.3,1042181,105,1,40
1040,After Electric Hunt,1998-10-07,Animation,Korean,New Line Cinema,190000000,254911535,61.12,8.2,485385,179,0,20
1041,The Cold Mirror,2013-11-13,Sci-Fi,French,Universal,305000000,1589216736,63.1,4.1,1269929,188,1,37
1042,Above Gate,2008-11-12,Comedy,Chinese,DreamWorks,176000000,34078160,42.59,6.6,1823328,126,0,10
1043,Hollow Force,2015-05-20,Crime,German,Lionsgate,225000000,1397348106,59.65,5.5,1034681,186,1,18
1044,Before Legacy,2009-10-20,Sci-Fi,Japanese,Warner Bros,255000000,1631248002,19.0,4.8,1088608,123,0,39
1045,Under Gate,1995-09-07,Comedy,French,Miramax,210000000,780249974,76.06,7.9,2714113,171,0,29
1046,Beyond Mirror,2002-07-23,Thriller,Korean,DreamWorks,299000000,846394649,55.79,5.7,2313496,122,0,30
1047,Under Golden Protocol,2018-04-11,Comedy,Chinese,New Line Cinema,96000000,145670707,74.12,5.2,2477906,177,0,7
1048,Under Path,2006-03-10,Action,Chinese,Paramount,142000000,62027898,6.4,5.3,534654,161,0,7
1049,Within Mirror,2010-08-15,Romance,Spanish,Warner Bros,131000000,925367050,48.3,8.7,1685688,142,1,37
1050,The Empire,1999-10-10,Comedy,French,Universal,287000000,1652224989,61.03,8.5,951600,179,0,29
1051,Under Veil,2013-07-10,Adventure,Portuguese,Warner Bros,314000000,2262308755,10.82,8.3,2628600,107,0,6
1052,After Sacred Signal,2000-01-14,Animation,Portuguese,Lionsgate,151000000,51571774,29.52,5.3,1909345,89,0,17
1053,Within Hunt,2020-04-14,Comedy,Chinese,Disney,333000000,400439682,27.3,4.4,255140,101,0,39
1054,Within Echo,2004-08-04,Animation,Korean,Miramax,208000000,1471767269,50.55,6.6,342397,156,1,28
1055,Within Circuit,1995-02-08,Adventure,Portuguese,Warner Bros,346000000,2137766956,58.05,8.3,739803,140,0,18
1056,Within Burning War,2021-08-03,Animation,Japanese,A24,172000000,425842948,11.36,4.5,1731564,168,0,19
1057,Into Truth,2019-09-02,Animation,Hindi,Netflix,131000000,326481608,97.05,6.0,2163373,185,1,35
1058,Dark Code,2011-06-20,Animation,German,New Line Cinema,28000000,44977266,55.37,9.3,1842592,192,0,8
1059,Within Blue Path,2017-03-10,Crime,English,MGM,210000000,165847098,99.23,9.3,1940452,95,0,32
1060,Under Force,2017-05-14,Animation,German,Disney,235000000,982149968,38.98,9.3,2136716,175,0,5
1061,Into Last Echo,2020-09-09,Action,Korean,Miramax,154000000,969787561,58.41,7.7,628254,137,0,23
1062,Crimson Gate,2007-08-11,Thriller,French,20th Century,198000000,362015695,77.78,3.8,1988806,170,0,25
1063,After Soul,1996-03-17,Adventure,Japanese,Columbia Pictures,53000000,348157464,44.59,6.8,1921495,81,0,27
1064,After Signal,2010-05-11,Adventure,Italian,DreamWorks,43000000,275331716,85.38,8.9,1598874,120,0,35
1065,Beyond Golden War,2016-05-08,Comedy,Italian,Universal,326000000,1730666236,10.95,4.5,1261051,195,1,3
1066,Dark Mirror,2006-06-14,Drama,French,MGM,212000000,909027943,79.46,4.6,336217,158,0,40
1067,Through Echo,2013-03-08,Animation,Korean,Lionsgate,132000000,664570012,89.99,6.4,1211414,166,0,5
1068,Final Bridge,2004-11-14,Horror,German,Columbia Pictures,156000000,245576103,39.08,6.5,999912,128,0,37
1069,Under Lost Truth,2016-07-09,Action,Portuguese,Columbia Pictures,27000000,184641267,74.77,8.7,1205385,179,0,39
1070,Before War,2001-10-09,Drama,Hindi,Blumhouse,323000000,1577183323,31.58,6.3,2435908,126,0,6
1071,Above Mission,2008-03-07,Drama,Chinese,Blumhouse,189000000,761350129,91.44,8.7,1082810,185,0,19
1072,Above Origin,1998-08-03,Drama,French,Columbia Pictures,348000000,1899802876,98.01,9.6,2342538,126,1,26
1073,Against Fallen Heart,2006-11-24,Horror,Portuguese,A24,328000000,2315076479,11.73,5.0,109960,159,0,40
1074,Beyond Wild Truth,2009-12-10,Sci-Fi,Hindi,Paramount,25000000,177558383,31.13,6.6,412652,110,0,25
1075,Brave Mission,2017-09-14,Adventure,Spanish,Blumhouse,214000000,1058534316,83.54,7.4,1178315,84,0,14
1076,Golden Veil,2006-02-22,Romance,Chinese,Blumhouse,332000000,914389893,40.42,4.7,517374,188,0,6
1077,Within Horizon,1996-06-08,Drama,Portuguese,Disney,37000000,230904123,55.87,7.2,982267,122,0,39
1078,After Hidden Gate,2003-03-04,Action,Spanish,Warner Bros,185000000,1099989005,24.56,5.5,735841,113,1,9
1079,Against Protocol,2018-02-16,Animation,Japanese,MGM,305000000,276634900,50.88,9.5,186886,173,0,30
1080,The Shadow,2010-07-14,Comedy,German,Miramax,229000000,147437366,9.0,7.3,280491,96,0,40
1081,Against Quest,2005-07-20,Crime,Korean,Lionsgate,260000000,1190841146,10.82,7.9,2751065,163,0,28
1082,Golden Dream,2005-08-13,Sci-Fi,Hindi,Netflix,220000000,530788373,26.23,9.5,2885736,140,1,6
1083,Beyond Dream,1998-12-24,Romance,Spanish,MGM,32000000,142074931,56.6,5.6,517675,132,0,28
1084,The Mirror,2014-05-12,Comedy,Portuguese,MGM,110000000,136950363,48.74,8.8,1473484,188,0,8
1085,Within Path,2020-07-28,Crime,Portuguese,20th Century,347000000,1685022912,3.6,9.4,2913628,114,1,12
1086,Under Cold Storm,2006-01-06,Drama,Portuguese,DreamWorks,207000000,127290948,74.36,9.6,389859,175,0,25
1087,Last Kingdom,2006-05-24,Romance,Portuguese,20th Century,45000000,298652947,16.4,8.3,213719,166,1,18
1088,Burning Soul,2014-08-14,Horror,French,New Line Cinema,264000000,248753883,43.56,5.3,2850777,155,0,34
1089,The Path,2007-10-02,Action,French,Sony Pictures,110000000,635622515,76.65,5.3,508250,80,0,28
1090,Into Sacred Quest,2002-09-18,Romance,Hindi,A24,23000000,76544575,46.52,4.0,1318071,153,0,37
1091,Wild Dream,2004-02-13,Action,Japanese,Paramount,318000000,1114500029,69.27,5.8,1836701,188,1,16
1092,Dead Force,1997-07-28,Horror,Japanese,Disney,172000000,1008861223,8.56,7.5,2230517,145,0,23
1093,Black War,2021-03-08,Comedy,Spanish,Sony Pictures,103000000,142540954,16.13,8.3,321054,102,0,30
1094,Within Heart,2016-10-21,Adventure,Japanese,Columbia Pictures,323000000,787935185,44.54,6.5,2653221,118,0,38
1095,Against Rising Mirror,2009-08-02,Action,Japanese,Columbia Pictures,148000000,98835792,86.56,8.9,2584532,156,0,30
1096,Blue Mission,2023-01-15,Adventure,French,Netflix,311000000,1125712644,15.94,3.9,439118,183,0,6
1097,Silent Shadow,2002-12-15,Animation,Chinese,MGM,314000000,400262688,37.91,5.3,1719503,179,0,39
1098,Above Rising Storm,1998-09-22,Sci-Fi,Korean,Sony Pictures,338000000,2445982363,60.67,4.4,346844,154,0,23
1099,Wild Quest,2016-07-05,Adventure,Hindi,Sony Pictures,288000000,831578937,79.37,8.6,2815671,169,1,28
1100,Broken Storm,2019-08-07,Thriller,Spanish,Paramount,41000000,93843323,79.02,6.7,2268962,186,1,22
1101,Within Empire,2014-07-05,Drama,Spanish,Columbia Pictures,321000000,1953902451,17.39,6.3,1728265,126,0,29
1102,Through Path,2012-04-10,Animation,French,Netflix,349000000,2480958377,98.46,6.4,1186836,179,0,33
1103,Silent Truth,2001-10-05,Horror,English,DreamWorks,248000000,1628979417,55.9,4.1,2168880,188,1,19
1104,After Iron Heart,2023-09-05,Sci-Fi,Hindi,Blumhouse,115000000,706514470,88.58,9.4,1745203,86,0,33
1105,Dead Signal,2006-04-01,Romance,Hindi,Columbia Pictures,334000000,862103643,15.46,3.7,1986619,169,0,31
1106,Lost Flame,1997-01-09,Thriller,Spanish,MGM,313000000,1253724361,12.01,5.3,1268119,95,1,16
1107,Blue Tower,2009-02-04,Animation,Portuguese,MGM,10000000,47764665,57.93,8.0,1226683,134,1,40
1108,Ancient Dream,2000-11-22,Comedy,Chinese,Netflix,36000000,257586739,54.86,8.5,2134123,150,1,25
1109,The War,2007-06-09,Action,Japanese,New Line Cinema,36000000,95455384,73.56,7.5,2445679,174,0,9
1110,Against Last Truth,2015-03-27,Animation,German,DreamWorks,95000000,579982870,7.25,8.4,1924647,84,0,13
1111,Before Red Shadow,2005-05-17,Sci-Fi,Chinese,Lionsgate,131000000,48600175,65.04,5.3,205504,190,0,18
1112,Above Burning Flame,2007-12-15,Sci-Fi,Japanese,Paramount,256000000,1336654549,37.37,8.5,1123707,182,1,28
1113,Within Black Kingdom,2012-05-11,Comedy,Hindi,Netflix,340000000,777830112,45.15,8.0,703958,168,0,23
1114,Hollow Veil,2024-06-20,Sci-Fi,Korean,DreamWorks,31000000,20314443,64.11,5.8,2854654,100,1,10
1115,Through Shadow,1999-02-08,Romance,Japanese,A24,292000000,99178208,16.19,6.3,1560937,127,0,5
1116,Neon Tide,2007-06-21,Horror,French,Universal,15000000,83159909,50.41,5.9,2360826,95,0,17
1117,Before Tower,2004-12-16,Thriller,Hindi,Paramount,39000000,134359518,89.97,6.3,373221,183,0,23
1118,Against Gate,2004-05-28,Drama,Spanish,New Line Cinema,187000000,722716200,13.01,4.8,587491,110,0,2
1119,Ancient Tide,2009-09-05,Adventure,Hindi,Universal,160000000,487421417,71.98,6.5,1727999,178,0,37
1120,Above Wild Signal,2009-08-22,Crime,Japanese,Paramount,284000000,1372990921,19.01,9.6,1819532,144,1,8
1121,Silver Kingdom,2000-06-23,Thriller,Japanese,MGM,147000000,934906685,25.81,7.5,2315396,115,0,20
1122,Beyond Force,2015-03-19,Adventure,Spanish,Paramount,339000000,1600468489,90.3,5.6,2368985,85,1,6
1123,Within Iron War,2001-10-14,Adventure,English,Lionsgate,323000000,1336339301,64.55,5.4,1032092,183,0,20
1124,Fierce Shadow,2000-08-14,Animation,German,Disney,176000000,807714326,31.95,8.0,1453589,131,0,24
1125,Fallen Storm,2002-08-04,Horror,German,Disney,74000000,60414060,29.73,5.9,2586080,133,0,11
1126,Within Mission,2005-04-25,Drama,German,MGM,241000000,913588063,31.55,3.6,1654377,144,0,16
1127,Above Dark Shadow,2004-08-20,Animation,Korean,MGM,6000000,38214453,43.66,9.1,1539182,177,0,24
1128,The Ancient Gate,2001-06-18,Horror,Hindi,A24,260000000,892481828,55.44,8.7,2619064,167,1,9
1129,Into Tide,2020-06-18,Romance,Spanish,Disney,310000000,1198927052,50.51,3.8,579772,171,0,31
1130,Hidden Tower,2023-09-05,Romance,Portuguese,Netflix,85000000,255668435,62.03,8.8,2495261,123,0,37
1131,The Final Storm,2016-02-14,Adventure,Korean,New Line Cinema,324000000,96289218,47.98,9.6,2431297,153,0,4
1132,Silent Force,2015-12-20,Sci-Fi,Spanish,Columbia Pictures,350000000,662289090,57.68,7.9,805207,82,0,21
1133,Burning Quest,2001-07-17,Adventure,German,Columbia Pictures,33000000,175650311,52.35,7.0,2782580,141,0,21
1134,Sacred Tide,2016-12-22,Horror,Portuguese,Lionsgate,100000000,718429673,28.62,5.4,1253285,178,0,14
1135,Through Storm,2010-06-18,Horror,Korean,Universal,295000000,1506566362,38.59,9.7,1452599,178,0,19
1136,Beyond Final Echo,2009-11-09,Animation,French,Disney,277000000,583467853,56.64,5.2,463129,158,0,16
1137,Against Golden War,2002-01-04,Sci-Fi,Japanese,Miramax,243000000,205099847,77.31,3.5,2313345,100,0,31
1138,Broken Legacy,2004-06-10,Action,Hindi,DreamWorks,295000000,536436694,74.13,8.9,161440,102,0,12
1139,The Truth,2007-08-06,Horror,English,Warner Bros,154000000,662649345,11.62,9.7,1198538,138,0,9
1140,Through Circuit,2001-02-11,Drama,German,DreamWorks,133000000,720544322,2.39,5.6,1242421,152,0,12
1141,Last Signal,2007-11-04,Drama,Spanish,Lionsgate,167000000,1173193013,1.68,5.9,1878744,176,0,22
1142,Above Fierce Path,1996-11-04,Animation,Korean,Paramount,209000000,1081981460,92.39,9.1,1309336,168,1,19
1143,Golden Path,1999-08-05,Animation,Portuguese,Netflix,214000000,1132993335,91.37,8.3,2790413,185,0,16
1144,Within Veil,2020-02-17,Animation,Chinese,Miramax,187000000,126778546,56.85,3.9,2302007,195,0,37
1145,Silent Storm,2022-09-15,Comedy,French,Miramax,300000000,1115198086,89.99,6.3,238353,138,0,33
1146,Ancient Shadow,2012-08-22,Horror,English,A24,132000000,810711511,74.83,7.1,194959,134,0,5
1147,Dark Echo,2023-02-16,Action,Korean,A24,94000000,544296966,76.82,9.7,2714020,133,0,25
1148,Cold Echo,2007-07-03,Crime,Spanish,DreamWorks,180000000,176019378,99.29,6.0,539132,173,0,1
1149,Under Heart,2016-12-18,Sci-Fi,Chinese,A24,119000000,229859101,35.27,5.2,478304,84,0,40
1150,Beyond Forgotten Shadow,2009-10-22,Action,French,Miramax,24000000,73842326,24.2,4.9,241743,97,0,15
1151,Within Storm,2013-10-25,Romance,French,Sony Pictures,75000000,554561036,52.6,6.1,1159079,87,0,28
1152,Dark Tide,2015-11-13,Crime,Japanese,Miramax,215000000,671040350,30.69,4.7,2261234,140,0,15
1153,Fierce Empire,2020-08-02,Crime,Italian,A24,287000000,1154296614,39.45,5.1,1390223,162,1,29
1154,Beyond Gate,2018-04-02,Horror,Italian,DreamWorks,311000000,1418664794,87.49,4.7,2469504,172,0,31
1155,Above Silver Echo,1995-04-07,Comedy,German,Blumhouse,126000000,661201948,70.67,6.0,1008826,150,0,19
1156,Sacred War,2006-05-09,Romance,Chinese,Blumhouse,256000000,908398104,80.48,8.1,1348155,106,0,21
1157,Ancient Veil,2002-12-05,Action,Korean,MGM,301000000,1320082953,42.34,4.5,1388555,109,0,37
1158,Through Gate,2015-11-11,Horror,German,Miramax,330000000,1839088769,46.62,8.1,1482133,101,0,35
1159,Cold Flame,2012-11-02,Crime,English,Columbia Pictures,40000000,283775680,67.15,8.3,1734698,97,0,5
1160,The Code,2011-08-12,Action,Portuguese,DreamWorks,343000000,2404734424,91.36,7.7,70983,80,0,1
1161,Under Sacred Mirror,1995-09-27,Sci-Fi,Spanish,Universal,51000000,203003050,24.86,7.4,1063718,184,0,18
1162,Beyond Tide,2007-08-19,Thriller,French,Sony Pictures,43000000,212318705,85.96,8.3,397169,131,0,25
1163,Dark War,1995-12-06,Comedy,German,Columbia Pictures,224000000,1091398244,33.8,9.7,404976,194,1,15
1164,Within Electric Circuit,1996-02-22,Horror,Chinese,20th Century,338000000,116093932,92.95,5.5,873884,155,0,26
1165,Under Kingdom,2013-04-19,Sci-Fi,Chinese,Netflix,198000000,1126918694,14.86,9.7,333949,144,0,4
1166,Before Black Signal,2005-10-25,Adventure,Portuguese,A24,169000000,53949849,28.06,9.8,2062740,109,0,36
1167,Into Kingdom,2016-10-22,Sci-Fi,Hindi,New Line Cinema,318000000,726886993,25.4,4.0,1128956,99,0,10
1168,Above Tide,1998-02-01,Horror,German,Netflix,140000000,119911745,9.64,6.2,2341164,151,0,7
1169,Above Sacred Signal,2014-10-26,Romance,Italian,Warner Bros,151000000,477491371,78.14,8.1,2351866,195,0,37
1170,Brave Light,2000-03-09,Horror,Korean,Lionsgate,76000000,43181445,44.03,6.2,2036013,180,1,24
1171,Before Hollow War,2010-10-20,Thriller,German,Universal,71000000,167167310,94.93,5.6,2606274,128,0,29
1172,Black Truth,2022-11-20,Drama,Korean,Netflix,310000000,2204057847,20.88,5.5,1675337,120,0,32
1173,Before Storm,2007-05-27,Sci-Fi,Japanese,Universal,290000000,457770904,99.73,4.6,2312283,83,0,14
1174,Silver Truth,2017-02-27,Sci-Fi,German,Paramount,326000000,763153466,26.02,4.5,1779727,181,0,5
1175,Forgotten Soul,2013-07-18,Crime,Italian,MGM,20000000,119026695,36.59,9.1,2256946,156,1,7
1176,Above Kingdom,2015-10-02,Adventure,Italian,New Line Cinema,171000000,1239118010,43.62,3.6,1090227,108,0,29
1177,Frozen Legacy,2016-10-23,Crime,Spanish,Netflix,14000000,51415084,30.25,9.3,365101,94,0,23
1178,Frozen Origin,2001-09-16,Romance,German,Universal,226000000,1230062670,45.79,3.9,192414,183,1,2
1179,Beyond Hunt,2020-03-24,Thriller,Chinese,Paramount,284000000,364941210,56.43,9.5,977472,182,0,12
1180,Into Dead Horizon,2018-10-07,Animation,Portuguese,A24,201000000,26718994,22.26,5.3,2956782,183,1,37
1181,Against Silent Tide,2005-04-15,Comedy,Korean,DreamWorks,252000000,1009282968,64.27,7.3,2569013,130,1,23
1182,Frozen Tower,2000-11-23,Horror,Portuguese,20th Century,45000000,228312657,32.01,5.0,495519,103,0,10
1183,Burning Tower,1999-10-13,Sci-Fi,Spanish,Lionsgate,327000000,1333050357,92.0,9.4,731599,151,0,32
1184,After Last Truth,2009-10-02,Romance,English,Lionsgate,71000000,109620509,39.01,7.0,2744173,143,0,32
1185,Black Heart,2010-03-03,Adventure,English,New Line Cinema,114000000,257807047,28.21,6.9,710519,179,0,37
1186,Ancient Protocol,2003-09-27,Romance,Chinese,Columbia Pictures,23000000,131652703,44.7,4.9,1788228,93,0,20
1187,The Heart,2003-06-28,Comedy,German,Columbia Pictures,62000000,362059800,24.46,8.6,2470931,168,0,40
1188,After Tower,1999-04-27,Thriller,English,20th Century,181000000,731036899,60.09,4.6,2958015,117,0,37
1189,Against Red Hunt,2021-02-05,Sci-Fi,English,Sony Pictures,337000000,350133714,86.74,5.1,2988806,121,0,26
1190,Ancient War,2003-11-14,Sci-Fi,German,Universal,326000000,1949489736,77.12,6.0,1171963,168,0,30
1191,Above Bridge,1995-12-03,Animation,Japanese,Columbia Pictures,34000000,203592566,40.37,9.6,893569,143,0,21
1192,Last Flame,2016-01-02,Comedy,German,Warner Bros,65000000,453557213,16.64,6.4,1799320,105,0,20
1193,Under Rising War,2006-05-03,Romance,Spanish,Warner Bros,204000000,964812212,72.87,8.3,1805325,163,1,7
1194,Through Rising Empire,2013-04-17,Animation,English,Warner Bros,177000000,1087949403,98.83,6.2,559382,141,1,15
1195,Hollow Origin,1998-02-11,Romance,Korean,Paramount,197000000,1147250693,75.56,4.3,2845118,98,1,34
1196,Forgotten War,2000-08-12,Thriller,Spanish,Blumhouse,212000000,987700048,44.8,4.9,426381,97,1,38
1197,Hidden Path,2003-11-03,Thriller,Chinese,20th Century,309000000,1679949362,29.21,9.4,117509,188,0,14
1198,Neon Code,2018-07-10,Action,French,Lionsgate,199000000,185926317,50.46,7.2,2220794,193,1,24
1199,After Light,2022-10-14,Romance,Chinese,DreamWorks,90000000,516975474,95.49,8.4,75000,155,1,1
1200,The Cold Shadow,2020-07-17,Horror,Chinese,New Line Cinema,214000000,692173742,40.83,7.5,2260090,158,0,18
1201,Beyond Neon Echo,2001-03-18,Romance,Italian,20th Century,326000000,1873801893,65.33,7.6,1305945,169,0,16
1202,Beyond Cold Dream,1998-08-20,Adventure,English,Sony Pictures,343000000,1916866464,74.33,4.3,2974150,97,1,11
1203,Final Force,2011-12-09,Drama,Japanese,Paramount,139000000,767797802,12.69,9.2,1410138,183,0,18
1204,Iron Quest,2013-11-03,Animation,German,MGM,186000000,94906392,86.08,4.6,664805,112,1,37
1205,Above Dead Echo,1999-03-28,Action,Chinese,New Line Cinema,337000000,1079523171,32.86,6.1,1346905,114,1,37
1206,Neon Hunt,2023-01-06,Thriller,Chinese,Warner Bros,207000000,126281517,47.04,5.3,1308160,121,1,36
1207,Final Code,2004-10-26,Horror,Portuguese,Disney,239000000,675228737,97.21,9.8,824661,173,0,10
1208,Into Lost Path,2012-06-21,Action,Japanese,Warner Bros,338000000,974938605,74.07,5.4,865647,147,0,27
1209,Dark Empire,2017-05-03,Action,French,Blumhouse,268000000,845974252,89.66,6.4,361106,154,1,33
1210,Into Rising Bridge,2013-01-14,Drama,French,Sony Pictures,135000000,863562792,92.68,6.0,1373398,120,0,18
1211,Before Hidden Legacy,2019-10-04,Drama,Hindi,Paramount,232000000,823323417,41.24,6.9,875889,137,0,30
1212,Beyond Rising Kingdom,2020-11-10,Adventure,English,Disney,169000000,202393740,71.4,9.6,1666969,145,1,20
1213,After Lost Light,2022-08-18,Crime,French,Universal,238000000,203279222,79.59,4.3,263659,186,0,9
1214,Into Final Hunt,2015-11-03,Adventure,Portuguese,Sony Pictures,40000000,10452854,7.38,9.2,1864885,183,0,6
1215,Above Protocol,1996-08-02,Drama,Portuguese,A24,204000000,769352400,38.89,6.2,1489545,107,0,18
1216,After Dark Tower,2014-10-08,Horror,German,A24,283000000,1031486573,9.68,5.9,1763398,105,0,35
1217,Into Origin,2017-06-16,Crime,German,Netflix,291000000,1110953636,39.45,4.6,1342469,156,0,2
1218,Through Force,2006-10-08,Drama,Hindi,Disney,338000000,636971371,53.84,8.5,239497,177,0,37
1219,After Kingdom,2002-10-11,Romance,Portuguese,Warner Bros,182000000,1294372104,56.8,7.0,794509,187,0,35
1220,Electric Shadow,1997-01-08,Adventure,French,Warner Bros,271000000,985659116,33.84,7.4,552312,123,0,21
1221,After Ancient Quest,2024-03-25,Comedy,Chinese,Columbia Pictures,188000000,1355129333,37.99,9.4,1664248,155,1,22
1222,Hidden Kingdom,2018-07-26,Animation,Japanese,Paramount,289000000,1512148267,92.96,8.5,941324,165,0,25
1223,Fierce Mirror,1999-03-24,Action,Portuguese,A24,292000000,99172630,60.64,9.3,2569318,108,1,32
1224,Beyond Golden Tide,2005-03-21,Comedy,Japanese,Lionsgate,7000000,14438004,25.7,3.9,1081501,180,1,1
1225,Through Hollow Dream,2000-07-16,Sci-Fi,Japanese,MGM,194000000,165010840,48.47,8.9,2735364,177,0,11
1226,Blue Veil,1996-05-01,Romance,Korean,Universal,39000000,102545846,88.91,4.5,319582,150,1,22
1227,Forgotten Flame,2010-12-01,Sci-Fi,Spanish,20th Century,224000000,282815221,11.02,4.8,801851,132,0,19
1228,Beyond Dark Light,2013-09-27,Animation,Spanish,Warner Bros,186000000,23851753,9.68,8.7,2626821,156,0,13
1229,Before Silent War,2004-02-16,Comedy,Korean,New Line Cinema,205000000,734922735,89.59,5.2,2697182,149,0,12
1230,Dead Tide,2000-08-02,Horror,German,Lionsgate,136000000,241290230,27.59,3.9,2926210,165,1,6
1231,Against Dream,2019-10-08,Crime,English,Columbia Pictures,200000000,1231239718,42.44,6.9,1996557,153,0,31
1232,Into Red Veil,2017-01-17,Adventure,Chinese,New Line Cinema,294000000,1503444897,62.41,4.3,1888409,102,0,14
1233,After Shadow,2008-02-22,Sci-Fi,French,Columbia Pictures,323000000,385758594,59.91,5.5,286068,91,0,36
1234,Last Veil,2003-09-15,Action,Portuguese,20th Century,269000000,1582923476,12.14,4.4,2381467,155,1,7
1235,Fallen Origin,2004-09-12,Sci-Fi,Korean,A24,337000000,1244651355,61.29,3.7,1160170,131,0,40
1236,Into Shadow,2007-06-23,Thriller,English,Miramax,245000000,1693973824,89.81,3.6,1276104,119,0,32
1237,Beyond Veil,2002-03-10,Animation,Japanese,Sony Pictures,215000000,984021799,9.84,6.3,1712796,174,0,34
1238,The Force,2020-03-03,Horror,Chinese,A24,71000000,417183332,52.9,7.1,733707,104,0,4
1239,Through Dark Echo,2006-12-07,Horror,Japanese,Columbia Pictures,239000000,917266506,63.91,4.3,133191,110,0,32
1240,Silent Veil,2010-10-18,Romance,Japanese,Paramount,134000000,756069860,69.2,5.3,1626373,86,0,37
1241,Before Brave Code,2003-11-14,Crime,English,Columbia Pictures,6000000,21649915,14.1,4.6,40499,108,0,39
1242,Under Quest,2017-11-09,Sci-Fi,Italian,Columbia Pictures,180000000,629385361,22.6,5.4,2188713,185,0,38
1243,Against Brave Truth,2021-06-18,Adventure,Portuguese,Sony Pictures,154000000,795357209,48.69,5.6,1164654,161,0,18
1244,Under Broken Empire,2011-04-02,Adventure,Italian,DreamWorks,165000000,847702771,72.41,7.6,1244855,113,0,26
1245,Dark Bridge,2017-10-27,Thriller,Japanese,Miramax,115000000,595556712,64.19,6.5,2823020,125,0,11
1246,Against Kingdom,2004-02-16,Drama,Korean,Miramax,288000000,1654731306,19.12,7.8,1412744,163,1,15
1247,Blue Flame,2005-06-09,Adventure,Korean,Lionsgate,62000000,222082177,86.77,7.2,2608214,89,0,13
1248,White Hunt,2007-09-10,Sci-Fi,English,Columbia Pictures,79000000,88203730,20.83,6.1,2393251,194,0,10
1249,Fierce Kingdom,2019-02-16,Romance,Spanish,Netflix,326000000,172551980,45.75,4.8,712183,153,0,32
1250,Beyond Empire,2014-07-21,Sci-Fi,Italian,A24,246000000,722389211,4.73,4.8,1569900,81,0,34
1251,The Wild Mission,2002-04-23,Romance,Korean,Paramount,54000000,158666770,59.28,4.6,196756,118,0,30
1252,Within Force,2005-07-22,Drama,Japanese,Blumhouse,252000000,695131052,19.65,9.5,1696947,82,0,15
1253,After Code,2018-01-19,Crime,Spanish,Universal,189000000,1013458572,79.42,5.9,2690701,112,1,39
1254,Beyond War,2021-01-02,Comedy,Italian,Lionsgate,196000000,198862279,26.02,7.9,866908,168,1,20
1255,Fallen Hunt,2011-05-20,Adventure,Spanish,A24,55000000,213715008,62.15,5.3,450702,143,0,39
1256,Under Black Force,2001-06-23,Sci-Fi,Korean,Paramount,22000000,91436990,91.13,7.8,2021050,122,0,1
1257,Beyond Cold Protocol,2021-10-22,Animation,Spanish,Universal,263000000,172358833,72.63,9.2,2707544,109,0,19
1258,The Fallen Truth,2000-01-28,Horror,Japanese,New Line Cinema,348000000,840083341,74.12,4.1,197472,81,0,11
1259,Red Heart,2014-05-24,Comedy,Japanese,Columbia Pictures,177000000,257222366,40.68,9.6,1145150,186,0,31
1260,After Protocol,1999-12-24,Action,Spanish,Universal,215000000,1471261777,48.78,7.1,1842788,103,0,23
1261,Beyond Flame,2008-08-02,Comedy,Korean,DreamWorks,162000000,31017423,86.96,6.8,2423641,172,0,22
1262,Fierce Quest,2014-02-14,Thriller,German,Netflix,341000000,1740664237,39.1,8.8,2346865,194,1,1
1263,After Force,2022-08-28,Animation,Spanish,Universal,253000000,625590629,33.76,5.3,2131215,108,0,26
1264,Beyond Heart,2009-10-15,Comedy,German,Lionsgate,163000000,159484204,50.24,7.6,435517,131,0,3
1265,Lost Truth,1997-10-20,Horror,Chinese,MGM,107000000,529009099,46.16,5.6,232646,184,0,30
1266,Crimson Tower,2014-08-23,Romance,German,Universal,51000000,291667349,22.95,5.7,2662767,182,0,36
1267,Fierce Protocol,1996-03-16,Drama,Italian,Universal,132000000,609880005,19.57,9.4,1652927,107,0,13
1268,Beyond Legacy,2008-01-21,Adventure,Hindi,New Line Cinema,232000000,808443507,59.34,6.7,2097238,80,1,36
1269,Within Soul,2024-09-25,Drama,Portuguese,Paramount,67000000,58042053,66.09,7.3,1354910,144,0,27
1270,Before Circuit,2007-06-10,Animation,Spanish,Paramount,213000000,970999037,88.76,6.7,2947280,150,0,36
1271,Before Code,2014-12-10,Romance,Spanish,Miramax,334000000,2443653635,18.6,6.9,2676257,121,1,23
1272,Ancient Bridge,2016-12-14,Crime,Korean,Blumhouse,218000000,1325757270,52.75,3.7,614544,86,1,13
1273,After Silver Hunt,2003-03-27,Action,Korean,Disney,279000000,94599758,81.59,4.1,2838361,174,0,36
1274,Neon Origin,2020-12-10,Action,Italian,A24,215000000,1543612834,97.61,5.5,2320778,86,1,17
1275,Through Black Path,2024-11-23,Romance,Portuguese,MGM,310000000,481700073,72.77,4.7,1887466,102,1,12
1276,Burning Circuit,2012-05-05,Drama,Portuguese,Columbia Pictures,132000000,18714168,47.17,9.4,172522,99,0,39
1277,Within Black Hunt,2004-08-26,Adventure,Chinese,Netflix,39000000,230171476,32.47,4.9,776202,146,1,33
1278,Against Sacred Light,1997-06-08,Thriller,Japanese,Netflix,186000000,422675745,95.08,7.4,1996695,151,1,8
1279,The Hunt,2023-06-13,Comedy,Italian,Sony Pictures,278000000,1517162621,3.45,6.8,1577688,145,0,32
1280,Before Last Force,1997-02-06,Crime,Chinese,Warner Bros,322000000,188206257,67.36,8.4,2879797,134,1,14
1281,Fierce Flame,2018-07-21,Comedy,Spanish,Warner Bros,237000000,1280943596,4.75,4.0,751553,181,0,36
1282,Before Cold Circuit,2008-07-15,Sci-Fi,Italian,Netflix,10000000,29823138,12.71,3.5,2598545,88,1,5
1283,Neon Protocol,2004-11-10,Adventure,Hindi,Sony Pictures,226000000,660476061,82.39,3.7,660668,148,0,9
1284,Against Mirror,2015-03-10,Romance,English,MGM,286000000,327803650,5.14,7.1,1657898,148,1,20
1285,Above Broken Dream,2023-11-28,Crime,Spanish,Paramount,96000000,166447773,83.64,4.7,765670,165,1,36
1286,Sacred Signal,2004-11-03,Horror,Hindi,Disney,299000000,1107857501,33.75,4.3,2754252,110,1,19
1287,Last Tower,2016-05-23,Adventure,Spanish,20th Century,292000000,816797415,32.32,6.2,25266,120,0,15
1288,Into Circuit,2021-06-05,Romance,German,Lionsgate,230000000,633578206,31.24,7.0,742233,162,1,18
1289,After Flame,2012-04-09,Comedy,Hindi,Blumhouse,11000000,70256404,63.53,8.6,2433085,131,0,3
1290,Sacred Flame,2012-08-21,Drama,Japanese,A24,116000000,776809987,59.37,8.9,566538,139,1,26
1291,Lost Hunt,2002-10-22,Drama,Chinese,Paramount,230000000,293996555,57.07,7.1,618203,174,0,23
1292,Through Golden Signal,2003-06-08,Action,French,MGM,186000000,552771356,91.87,9.1,172372,163,0,7
1293,Against War,2021-05-27,Horror,Portuguese,MGM,293000000,406241172,65.71,5.8,2745292,194,1,34
1294,Before Neon Light,2006-06-16,Animation,Portuguese,Warner Bros,258000000,1709779777,44.55,4.9,2163142,162,0,14
1295,After Final Tower,2017-02-22,Thriller,Italian,New Line Cinema,171000000,928511510,48.67,6.5,888756,155,0,27
1296,The Hidden Bridge,2013-03-05,Crime,English,Blumhouse,295000000,350106513,17.47,9.3,2171948,131,1,19
1297,Before Heart,2014-08-28,Animation,Spanish,Disney,212000000,963795775,79.67,8.7,767877,159,0,11
1298,Above Echo,2009-10-19,Comedy,French,A24,199000000,214597156,2.64,6.8,2120437,167,0,10
1299,Within Shadow,2023-09-17,Comedy,Hindi,Lionsgate,339000000,360842929,60.74,8.7,2851084,163,0,34
1300,White Shadow,2017-09-14,Thriller,German,New Line Cinema,197000000,530684868,80.66,9.2,2927203,153,1,28
1301,Through Crimson Path,2024-02-10,Adventure,Chinese,A24,133000000,199334481,71.21,8.5,2429253,146,1,34
1302,Before Fierce Origin,2005-07-12,Comedy,Spanish,A24,335000000,1484632688,26.87,6.9,2373398,126,0,26
1303,Into Gate,2020-09-16,Drama,Japanese,MGM,286000000,1052429997,98.86,7.1,2964058,130,0,8
1304,Through Origin,2017-03-04,Thriller,Chinese,A24,175000000,1054605584,61.79,7.8,223325,100,0,1
1305,Into Signal,1997-05-08,Romance,Hindi,20th Century,21000000,114686478,93.14,6.0,2757198,146,0,39
1306,After Wild Soul,2009-01-07,Crime,Korean,Disney,19000000,112124698,51.54,7.9,2585293,101,1,24
1307,The Silent Signal,2003-07-12,Sci-Fi,Italian,20th Century,104000000,408854782,73.96,3.9,383183,150,0,36
1308,Into Neon Protocol,2012-02-17,Horror,Japanese,Universal,264000000,1895427385,87.74,8.6,2416279,112,0,25
1309,Crimson Path,2019-06-25,Animation,German,Blumhouse,302000000,1956649624,48.72,5.1,1610047,161,0,15
1310,Lost Quest,2021-05-08,Horror,Hindi,A24,346000000,1951797132,34.86,7.0,753623,140,0,23
1311,Within Iron Kingdom,2018-11-07,Animation,French,Disney,125000000,819786811,21.47,4.8,1052298,187,0,10
1312,Beyond Echo,1997-11-22,Animation,Portuguese,Warner Bros,279000000,2005772534,84.95,5.8,1327954,143,0,32
1313,Against Iron Light,2002-10-05,Action,Chinese,New Line Cinema,218000000,793425947,54.54,6.7,1656368,190,0,30
1314,Against Heart,2005-12-01,Action,French,A24,299000000,252814640,36.8,8.9,789974,150,0,16
1315,Within Last Tide,2000-08-14,Thriller,Italian,Miramax,192000000,537902802,40.66,6.3,2401666,96,0,7
1316,Before Gate,2008-07-07,Drama,Spanish,Lionsgate,6000000,8441363,50.46,9.8,2650146,146,0,32
1317,Sacred Veil,2013-01-13,Comedy,Spanish,Warner Bros,112000000,685692415,48.18,7.5,1891827,175,0,17
1318,Sacred Gate,2024-05-12,Action,Italian,Universal,181000000,1179853481,96.35,4.8,2420476,163,0,19
1319,Brave Force,2010-12-15,Comedy,Italian,20th Century,148000000,522701278,95.7,9.0,2691789,183,0,27
1320,Within Light,2022-02-03,Drama,Japanese,Disney,162000000,396073636,29.84,5.2,2708834,130,0,29
1321,Frozen Dream,2000-03-28,Action,Spanish,Miramax,122000000,609873956,94.1,7.9,340815,106,0,26
1322,Beyond Cold Flame,2010-09-02,Action,Italian,MGM,44000000,38239088,62.19,4.0,1640133,119,0,16
1323,Through War,1999-03-17,Drama,English,Warner Bros,341000000,934553191,91.61,8.9,1964551,191,0,36
1324,Fierce Gate,2000-10-20,Animation,Portuguese,A24,270000000,1305293444,53.84,9.2,2025193,149,0,6
1325,Final Dream,2003-03-10,Action,English,MGM,71000000,187777135,47.45,3.6,2068310,176,0,20
1326,Into Blue Mirror,2014-04-26,Action,Chinese,Netflix,98000000,308390852,56.49,6.0,689801,171,0,25
1327,Beyond Burning War,2002-09-25,Adventure,Korean,Sony Pictures,334000000,1869618106,81.07,6.1,292158,103,0,19
1328,Through Forgotten Heart,2003-12-20,Animation,French,Netflix,11000000,13484953,97.0,3.6,433966,116,0,9
1329,The Electric Code,2005-07-10,Animation,Japanese,Lionsgate,18000000,45789119,84.51,9.5,240041,114,0,5
1330,Silent Code,2023-05-27,Sci-Fi,English,Universal,129000000,380228074,97.52,5.1,145552,105,0,7
1331,Broken Soul,2007-11-10,Romance,Spanish,DreamWorks,23000000,129052123,55.41,4.3,2023423,161,0,13
1332,Above Horizon,2000-05-19,Comedy,Italian,New Line Cinema,126000000,20926197,5.16,8.4,1998429,168,0,24
1333,Before Kingdom,2010-02-22,Adventure,Japanese,Blumhouse,322000000,175292705,36.2,4.5,2254628,181,1,9
1334,Last Gate,2020-11-25,Romance,German,Miramax,100000000,25801096,38.4,8.1,1056496,195,1,32
1335,Electric Code,2013-03-18,Romance,Japanese,Miramax,241000000,515113647,83.3,9.3,2330826,100,1,34
1336,Under Black Circuit,2012-06-15,Action,Chinese,A24,96000000,636835157,62.35,5.8,2606296,110,0,5
1337,Sacred Empire,2014-05-11,Sci-Fi,Japanese,Universal,51000000,202555883,7.6,8.8,549312,102,1,13
1338,Before Fallen Shadow,2013-11-27,Sci-Fi,German,MGM,321000000,1698001326,26.34,5.8,2546553,171,1,1
1339,Red Truth,1997-08-26,Action,Japanese,MGM,214000000,1323161191,79.63,3.9,2592605,114,1,5
1340,Beyond Code,2011-02-04,Thriller,Chinese,A24,99000000,151379307,66.03,7.1,755352,151,0,7
1341,Within Tide,2016-08-23,Sci-Fi,Hindi,Paramount,94000000,391955978,50.96,7.6,2244340,156,0,23
1342,Against Storm,2022-06-14,Sci-Fi,Japanese,20th Century,125000000,533408850,22.18,8.3,1070727,126,0,29
1343,Under Forgotten Horizon,2011-03-10,Action,Korean,Disney,111000000,713988757,3.15,8.7,2897891,185,0,36
1344,Ancient Echo,2013-03-04,Action,German,Netflix,81000000,91061871,37.34,7.2,982248,112,0,6
1345,Beyond Hollow Storm,2020-08-06,Animation,Portuguese,Columbia Pictures,50000000,225235544,30.74,8.1,2422109,128,1,4
1346,Into Dream,2024-02-28,Thriller,Portuguese,Blumhouse,7000000,33535351,63.59,3.8,2204423,85,0,35
1347,Last Force,2017-04-05,Action,Italian,Lionsgate,306000000,1333207091,9.92,6.2,1658908,98,0,22
1348,Within Hollow Shadow,2012-07-09,Comedy,Italian,MGM,224000000,1305092546,13.91,4.3,2350858,105,0,26
1349,Against Path,2002-02-09,Sci-Fi,Japanese,DreamWorks,296000000,225848117,67.5,6.2,1465909,104,0,23
1350,Lost Legacy,2004-03-12,Adventure,German,20th Century,76000000,255316629,92.5,5.0,2879604,127,0,6
1351,The Golden Tower,2024-03-28,Horror,English,Netflix,58000000,136756667,47.65,5.6,2261558,107,0,35
1352,Iron Gate,2010-10-24,Drama,English,A24,300000000,2041409434,53.15,5.1,257119,116,0,40
1353,Through Wild Horizon,1997-07-22,Horror,Japanese,Columbia Pictures,57000000,13747237,86.87,7.6,974591,128,1,21
1354,Forgotten Gate,1997-03-07,Crime,German,MGM,13000000,5124181,92.3,5.4,2059927,130,0,2
1355,Final Tide,2015-05-08,Crime,Korean,New Line Cinema,33000000,156118495,87.99,9.1,128588,151,0,15
1356,Into Brave Empire,1997-12-13,Crime,Portuguese,Columbia Pictures,322000000,1668047749,42.32,7.1,1793723,119,0,29
1357,Broken War,1999-10-18,Thriller,Spanish,Sony Pictures,270000000,1844306305,43.58,9.2,613813,163,0,21
1358,Against Hollow Protocol,2000-06-27,Drama,English,New Line Cinema,165000000,1091141050,41.99,6.1,1863095,175,0,10
1359,Within Forgotten Circuit,2014-10-20,Thriller,Portuguese,Disney,120000000,622391562,36.57,7.8,2004014,97,0,24
1360,Into Electric Soul,1999-03-07,Thriller,English,A24,9000000,62533976,95.07,4.9,2820800,105,0,5
1361,Through White Tower,2010-12-11,Animation,French,A24,209000000,1221393684,61.19,8.7,1317387,130,1,34
1362,Through Black Flame,1996-04-17,Crime,Italian,Miramax,22000000,92993714,52.1,7.5,211760,104,0,29
1363,Silver Legacy,2021-05-15,Drama,Italian,Sony Pictures,315000000,2173765503,69.31,9.2,1949391,186,0,6
1364,Beyond Kingdom,2019-10-23,Crime,Spanish,A24,213000000,531139121,3.47,6.4,2994005,194,0,30
1365,Above Fierce War,2024-12-26,Drama,Hindi,Universal,60000000,319564659,63.77,4.0,2971543,129,0,25
1366,Dark Legacy,2000-06-19,Drama,Spanish,Columbia Pictures,76000000,108194668,71.49,6.1,1303213,173,0,19
1367,Before Lost Tower,2019-05-01,Animation,German,Columbia Pictures,257000000,1059330505,1.57,9.1,1002734,107,0,30
1368,Rising Tower,2014-01-08,Crime,Korean,20th Century,323000000,1364952779,82.7,3.8,626831,87,0,3
1369,The Brave Bridge,2021-10-10,Romance,Hindi,Warner Bros,57000000,181572430,18.65,7.7,2568096,164,0,30
1370,Under Last Tide,2023-07-27,Comedy,Italian,Columbia Pictures,283000000,164267749,47.61,4.3,1155994,122,0,34
1371,Before Forgotten Shadow,1998-10-24,Crime,Hindi,Lionsgate,311000000,2180358300,98.64,5.3,2558679,188,0,17
1372,Forgotten Tide,2024-03-20,Adventure,German,MGM,325000000,1229567379,80.99,9.1,981105,170,0,13
1373,The Frozen War,2020-02-24,Thriller,Portuguese,A24,213000000,93004789,35.62,8.6,895609,81,0,19
1374,Beyond Silver Mirror,2011-09-11,Action,Hindi,DreamWorks,172000000,451685025,72.72,7.4,127127,186,0,13
1375,Last Echo,2016-08-16,Action,Spanish,Lionsgate,81000000,384043972,89.31,6.9,1410551,139,0,4
1376,Under Bridge,2018-11-11,Crime,Chinese,Warner Bros,108000000,472256195,33.84,9.3,1488087,88,0,18
1377,Above Light,2015-09-27,Drama,Portuguese,20th Century,201000000,298807390,12.57,8.4,1298025,170,0,3
1378,Beyond Electric Flame,2002-06-15,Horror,French,MGM,156000000,217634713,38.05,3.7,852662,91,0,33
1379,Through Red Force,1999-04-11,Animation,Chinese,Sony Pictures,169000000,196104786,87.31,8.7,2169875,166,0,14
1380,Through Light,2017-09-04,Action,Korean,Blumhouse,24000000,124420493,59.83,4.0,1963219,193,1,7
1381,Ancient Legacy,2004-11-07,Romance,French,Disney,148000000,317786574,32.6,6.3,498463,114,0,11
1382,The Forgotten Gate,2011-02-07,Crime,Japanese,MGM,165000000,347454615,94.38,8.6,2412878,111,0,5
1383,Red Storm,2012-08-02,Drama,English,Lionsgate,347000000,164260944,38.98,4.0,1648818,102,0,40
1384,Last Truth,2001-12-25,Crime,Hindi,Blumhouse,240000000,1032393800,10.2,8.6,2935138,139,1,30
1385,Under Echo,2006-07-06,Romance,Japanese,Lionsgate,251000000,81312599,48.06,5.7,1939587,188,0,19
1386,Within Bridge,1999-09-04,Sci-Fi,Hindi,Netflix,286000000,1403098970,79.45,6.9,1686146,155,0,16
1387,Black Quest,2013-07-26,Sci-Fi,Portuguese,New Line Cinema,177000000,730921307,24.38,7.7,331712,174,0,8
1388,Frozen Storm,2012-02-27,Animation,Spanish,Sony Pictures,209000000,128555168,11.77,8.6,1594267,121,0,4
1389,After Red Bridge,2023-11-26,Action,Spanish,DreamWorks,78000000,269256835,29.86,7.4,1880524,105,0,21
1390,Under Cold Echo,2008-12-12,Comedy,Portuguese,Warner Bros,315000000,2330848862,41.02,4.3,1238899,87,0,36
1391,The Quest,2012-06-04,Horror,English,Disney,223000000,1181106550,40.03,5.5,1610536,131,0,28
1392,Brave Kingdom,2010-03-07,Crime,Italian,Columbia Pictures,186000000,1174724642,16.27,9.8,2815460,96,0,1
1393,The Hidden Mission,2023-08-22,Sci-Fi,Spanish,Universal,72000000,349387016,42.17,6.4,2921679,157,0,40
1394,Against Burning Gate,2021-08-13,Romance,French,Paramount,219000000,1001671420,58.22,8.8,998001,171,0,27
1395,The Ancient Soul,2017-06-04,Adventure,German,Miramax,42000000,48360788,73.4,9.7,1176973,139,1,34
1396,Hollow Hunt,2016-02-22,Crime,Portuguese,Sony Pictures,315000000,154516828,35.01,8.4,1971578,138,0,37
1397,Under Mirror,2000-01-23,Adventure,Korean,Miramax,290000000,587910971,63.3,7.1,2407748,86,0,40
1398,White Origin,2003-05-05,Adventure,Korean,Sony Pictures,133000000,27278602,12.04,4.6,2487063,174,0,29
1399,Silent Circuit,2020-12-08,Animation,Spanish,New Line Cinema,272000000,1762262640,34.94,4.0,613468,156,0,32
1400,Into Legacy,2007-04-22,Animation,Spanish,Disney,297000000,1643678849,35.16,7.5,491515,86,0,30
1401,Silver Soul,2018-09-08,Sci-Fi,Italian,Lionsgate,136000000,159678789,87.16,3.6,1887490,128,0,34
1402,The Protocol,2024-09-21,Romance,Italian,20th Century,335000000,2161363713,34.16,5.2,417202,112,0,30
1403,Before Mission,2016-10-25,Thriller,Chinese,Netflix,348000000,1812404752,18.81,6.9,2826935,81,1,1
1404,Above Path,2018-05-09,Thriller,English,Warner Bros,319000000,248936591,93.91,7.6,914428,156,1,8
1405,Within Hidden Light,2016-11-19,Drama,Hindi,Miramax,96000000,189569708,47.23,9.4,2684239,138,0,28
1406,Above Circuit,2000-02-09,Action,Italian,A24,172000000,1284856064,26.57,8.6,751290,136,1,32
1407,Wild Soul,1998-03-18,Sci-Fi,French,20th Century,331000000,293348043,44.72,5.1,151217,89,1,37
1408,After War,2015-01-02,Sci-Fi,Korean,Paramount,170000000,1155008869,57.89,6.7,2063058,141,0,26
1409,Into Fierce Truth,2019-08-04,Adventure,Chinese,Blumhouse,185000000,474978966,30.98,3.8,2719026,91,0,35
1410,Above Signal,2021-08-25,Horror,French,Paramount,285000000,111449464,39.03,4.7,2923741,129,1,23
1411,Red War,2009-12-07,Drama,English,Disney,14000000,75964963,59.7,6.6,269210,181,0,32
1412,Black Origin,2009-01-02,Romance,English,Netflix,23000000,71317437,21.96,7.6,2199122,138,0,38
1413,Beyond Dark Mission,1999-08-21,Action,German,Blumhouse,318000000,139580545,70.43,4.3,727464,160,1,20
1414,Within Signal,2021-02-04,Animation,Portuguese,New Line Cinema,317000000,549119027,80.64,6.2,2850406,131,0,8
1415,Within Gate,1999-06-27,Thriller,English,20th Century,90000000,232445482,12.95,4.4,1746283,101,0,36
1416,Before Cold Bridge,1996-03-04,Adventure,Italian,New Line Cinema,82000000,17684481,49.21,3.5,757512,91,0,27
1417,Through Quest,1999-04-05,Horror,Chinese,Lionsgate,212000000,396541296,18.28,7.9,2505945,103,0,40
1418,Under Tide,2008-01-18,Thriller,French,Universal,273000000,2000614146,62.27,8.9,2268761,144,0,30
1419,Beyond Blue Empire,2016-08-16,Drama,Spanish,DreamWorks,24000000,11995304,37.06,4.8,1059371,122,0,3
1420,The Cold Gate,2000-03-26,Action,German,MGM,61000000,38085977,24.29,6.3,2436697,121,0,13
1421,Into White Code,2007-04-03,Animation,Portuguese,Lionsgate,29000000,193998905,15.35,9.3,1913370,102,0,24
1422,Before Wild Tide,2003-04-11,Drama,English,Miramax,293000000,158636858,14.51,8.9,1928419,133,0,22
1423,Under Forgotten Kingdom,2020-11-20,Drama,Portuguese,MGM,119000000,88049297,85.84,6.6,912826,155,0,30
1424,Into Hollow Veil,2002-04-11,Sci-Fi,Portuguese,Disney,304000000,2159089296,91.46,9.2,1757262,85,1,31
1425,Against Shadow,2008-09-13,Animation,Hindi,Lionsgate,255000000,479345186,56.29,3.6,1710479,107,0,23
1426,Beyond Lost Soul,2016-05-06,Animation,Portuguese,Miramax,300000000,84197911,46.03,8.4,2954161,131,0,24
1427,The Veil,2015-02-13,Romance,Chinese,Warner Bros,153000000,497506530,27.71,9.5,2280137,153,0,6
1428,Against Echo,2016-06-02,Comedy,Italian,Netflix,240000000,1123581007,37.19,4.6,2348737,170,1,36
1429,Before Empire,2005-04-18,Comedy,German,Miramax,299000000,1957365297,70.58,8.2,950552,121,0,18
1430,Above Final Heart,2010-09-17,Comedy,German,Miramax,274000000,1402737892,53.75,5.3,2609458,127,1,13
1431,Through Signal,1997-07-06,Horror,Hindi,Universal,86000000,184209957,70.01,6.6,861712,146,1,19
1432,Brave Gate,2024-03-16,Romance,Italian,Lionsgate,332000000,85977710,19.72,3.6,979454,186,0,27
1433,Wild War,2020-06-16,Adventure,Chinese,Columbia Pictures,282000000,957360854,31.1,4.3,1290533,101,0,15
1434,After Tide,2004-08-06,Adventure,Spanish,Miramax,276000000,610187619,97.35,8.8,2911062,195,0,11
1435,The Last Bridge,1999-08-09,Romance,Spanish,Disney,289000000,1541177587,66.89,9.7,625523,127,0,35
1436,The Dead Echo,2010-03-15,Romance,Spanish,Warner Bros,281000000,2056764794,33.8,7.9,1992725,194,0,37
1437,Through Flame,1996-03-22,Crime,Hindi,Sony Pictures,14000000,43008859,84.25,6.3,392893,121,1,39
1438,Under Broken Horizon,1997-09-28,Animation,Hindi,MGM,203000000,312402849,32.46,7.3,240080,165,0,26
1439,Into Final Light,2006-01-10,Romance,Japanese,Sony Pictures,230000000,1511061554,9.67,8.1,1868195,174,0,29
1440,Into Hollow Flame,2008-03-27,Adventure,Portuguese,Universal,75000000,122820003,47.99,9.0,1411839,88,0,6
1441,Under Burning Kingdom,2012-08-23,Adventure,Spanish,Disney,97000000,607113256,29.66,6.6,1271650,186,0,32
1442,Frozen Path,1995-01-05,Horror,Korean,DreamWorks,327000000,1176155121,65.73,9.1,1754682,102,0,16
1443,Under Electric Signal,2014-12-12,Adventure,German,20th Century,225000000,1468295953,63.17,6.5,2916874,184,1,24
1444,Ancient Horizon,2022-05-06,Adventure,English,Paramount,165000000,579434684,69.64,5.8,226829,114,0,27
1445,Above Shadow,2004-05-17,Comedy,Chinese,Disney,323000000,470298168,10.36,8.2,2285494,121,0,20
1446,Above Fallen Gate,2013-06-27,Drama,English,Paramount,267000000,582725210,78.1,6.1,688793,93,0,10
1447,Black Code,2020-09-20,Crime,Chinese,Miramax,284000000,1504279889,80.46,6.1,325446,94,0,2
1448,Silver Quest,2006-03-27,Animation,Portuguese,MGM,177000000,243256937,31.16,8.2,502431,108,0,10
1449,Under Empire,2001-03-03,Sci-Fi,Hindi,Universal,11000000,64159953,75.98,3.8,457218,84,1,31
1450,Under Dark Signal,2004-11-01,Comedy,Hindi,Blumhouse,310000000,502190321,90.22,4.7,1479439,83,1,10
1451,Hollow Tower,2002-09-19,Comedy,Hindi,Columbia Pictures,298000000,1712905741,53.36,8.0,1187193,101,1,7
1452,Against Veil,2017-08-12,Adventure,Spanish,Lionsgate,346000000,2486817302,18.9,5.7,1597220,134,0,33
1453,Beyond Crimson Storm,1998-08-04,Crime,Spanish,Lionsgate,186000000,988591631,56.16,3.8,1381215,143,1,25
1454,Within Hollow Mirror,2016-08-08,Crime,Italian,Sony Pictures,221000000,330838965,7.89,8.8,2000133,166,0,12
1455,Through Brave Protocol,2007-08-17,Comedy,Hindi,Paramount,204000000,625182424,59.47,4.1,712676,88,0,13
1456,Forgotten Veil,2007-02-08,Sci-Fi,German,Sony Pictures,299000000,1343409924,75.87,8.5,1683709,125,0,39
1457,Through Fallen Protocol,2003-08-16,Thriller,Spanish,Warner Bros,52000000,289104807,83.2,6.6,117192,102,0,39
1458,After Mirror,2014-10-04,Comedy,Chinese,New Line Cinema,254000000,1515417968,20.99,7.7,2061259,144,0,35
1459,White Gate,2012-01-25,Action,Italian,Blumhouse,62000000,182209387,32.14,5.9,1932938,84,1,12
1460,White Legacy,2004-12-06,Animation,Italian,Paramount,161000000,868812608,49.26,4.2,2836258,142,0,31
1461,Under Electric Bridge,2007-10-22,Romance,Korean,Netflix,33000000,10173494,5.47,8.8,1468295,183,1,22
1462,Burning Tide,2006-07-12,Action,French,Disney,122000000,597289174,59.66,9.2,279727,191,0,8
1463,Lost Gate,2005-01-15,Sci-Fi,Portuguese,MGM,217000000,449836605,69.9,7.2,1332557,128,0,21
1464,Blue Soul,1998-12-22,Thriller,Japanese,Lionsgate,259000000,1581138826,67.07,4.5,1261281,126,0,13
1465,Against Broken Mirror,2003-01-10,Adventure,Italian,New Line Cinema,117000000,552454688,95.84,8.0,2430118,92,0,18
1466,Against Electric Dream,2001-06-26,Comedy,Korean,MGM,155000000,512048325,54.45,4.8,1692372,112,0,36
1467,The Wild Quest,2011-03-19,Animation,French,DreamWorks,241000000,501936979,64.15,8.6,1824172,152,1,34
1468,Through Hidden Path,1999-12-22,Horror,Italian,A24,165000000,1066787044,91.2,7.5,1734891,114,0,11
1469,Within Golden Light,2002-02-05,Thriller,English,Disney,160000000,565565085,56.42,6.2,2718387,195,1,13
1470,After Lost Circuit,2020-05-22,Crime,Spanish,DreamWorks,23000000,166336528,49.1,3.6,357026,120,0,5
1471,Into Flame,2006-11-22,Comedy,Italian,Columbia Pictures,73000000,134809430,57.53,6.7,511011,146,0,32
1472,Above Last Truth,2013-12-13,Thriller,Italian,Disney,75000000,66781777,22.2,5.2,1717851,112,1,32
1473,Under Flame,2020-03-12,Animation,Japanese,Columbia Pictures,159000000,40695916,96.71,7.3,2782566,182,1,16
1474,Into Silver War,2017-06-26,Comedy,Chinese,Columbia Pictures,123000000,792930426,39.46,9.2,1653258,112,0,6
1475,Before Mirror,2001-03-15,Romance,Italian,New Line Cinema,19000000,40429535,8.93,8.4,2067305,140,0,22
1476,Beyond Truth,2000-12-09,Crime,Hindi,Netflix,217000000,988577779,81.53,8.1,1906117,168,1,4
1477,Wild Empire,1995-07-07,Horror,Japanese,20th Century,44000000,40485661,25.71,8.0,2727860,177,0,39
1478,Above Heart,2010-12-05,Horror,Spanish,DreamWorks,305000000,1896516751,80.15,4.8,1743524,127,0,26
1479,Before Echo,1997-08-07,Horror,Spanish,Warner Bros,207000000,967358603,60.44,4.4,1548168,101,1,1
1480,Through Truth,2016-08-04,Thriller,French,Disney,138000000,307866766,49.92,4.3,871568,156,0,19
1481,Before Dream,2000-07-26,Drama,English,Sony Pictures,136000000,250592733,45.65,5.1,2449872,167,0,6
1482,After White Storm,2017-07-22,Thriller,Italian,Miramax,218000000,1209283142,26.37,4.1,251425,86,0,16
1483,Final Tower,2016-10-23,Action,English,Sony Pictures,260000000,1218221755,30.95,6.0,1560672,96,1,38
1484,After Neon Soul,2024-06-15,Drama,Hindi,Netflix,273000000,901904496,26.78,5.5,541331,143,0,24
1485,Within Truth,2019-05-17,Romance,Italian,Blumhouse,86000000,209411513,99.46,8.3,639450,151,0,4
1486,The Golden Kingdom,1996-08-09,Drama,German,A24,61000000,455334066,92.79,3.8,1500353,170,0,30
1487,White Mission,2022-03-04,Romance,Hindi,Disney,147000000,211216469,17.66,6.7,1149170,152,0,38
1488,After Dream,2024-02-08,Animation,Hindi,Blumhouse,170000000,49660408,68.45,7.8,1658267,127,1,21
1489,Beyond Frozen Truth,2017-11-16,Animation,Korean,20th Century,338000000,48320368,97.01,7.6,1905447,121,0,14
1490,Under Storm,2020-01-24,Comedy,Chinese,20th Century,197000000,154620863,26.26,5.0,1678180,91,1,14
1491,Into Hollow Origin,2024-05-22,Adventure,Spanish,Netflix,342000000,277438977,37.38,4.8,1873320,193,0,31
1492,Within Burning Signal,2019-07-26,Romance,Portuguese,Paramount,224000000,1067825538,10.2,6.7,1949164,166,0,10
1493,Rising Echo,2020-08-10,Drama,Spanish,DreamWorks,155000000,980744033,52.79,5.4,205186,150,1,3
1494,Neon Dream,2008-02-15,Adventure,Korean,Netflix,132000000,585182709,77.1,3.6,2779860,139,0,12
1495,The Signal,2008-12-10,Romance,Portuguese,Miramax,234000000,1334834644,45.54,8.6,1436660,191,0,14
1496,Within Iron Veil,2016-02-14,Crime,English,Warner Bros,204000000,196537501,18.0,6.5,2906645,131,0,20
1497,Hidden Empire,1995-04-04,Action,French,Columbia Pictures,15000000,24724472,65.21,7.6,1832829,187,0,6
1498,Frozen Empire,2010-07-01,Comedy,Spanish,Blumhouse,80000000,445358459,45.08,6.6,87324,190,0,38
1499,Under Ancient Truth,2021-07-02,Romance,English,Universal,324000000,2064676561,43.75,6.1,2084129,174,0,3
